<?xml version="1.0" ?>

<container xmlns:xsi="http://www.w3.org/2001/XMLSchema-instance"
           xmlns="http://symfony.com/schema/dic/services"
           xsi:schemaLocation="http://symfony.com/schema/dic/services http://symfony.com/schema/dic/services/services-1.0.xsd">

    <services>
        <service id="features.actions.graphql" class="Features\Actions\GraphQLActions">
            <argument type="service" id="features.services.shared_storage"/>
            <argument type="service" id="__symfony__.kernel"/>
            <argument type="service" id="__symfony__.router"/>
            <tag name="fob.context_service"/>
        </service>

        <service id="features.actions.shared_storage" class="Features\Actions\SharedStorageActions">
            <argument type="service" id="features.services.shared_storage"/>
            <tag name="fob.context_service"/>
        </service>
    </services>
</container>
