<?xml version="1.0" ?>

<container xmlns:xsi="http://www.w3.org/2001/XMLSchema-instance"
           xmlns="http://symfony.com/schema/dic/services"
           xsi:schemaLocation="http://symfony.com/schema/dic/services http://symfony.com/schema/dic/services/services-1.0.xsd">

    <services>
        <service id="features.assertions.response" class="Features\Assertions\ResponseAssertions">
            <argument type="service" id="features.services.shared_storage"/>
            <tag name="fob.context_service"/>
        </service>

        <service id="features.assertions.shared_storage" class="Features\Assertions\SharedStorageAssertions">
            <argument type="service" id="features.services.shared_storage"/>
            <tag name="fob.context_service"/>
        </service>
    </services>
</container>
