<?xml version="1.0" ?>

<container xmlns:xsi="http://www.w3.org/2001/XMLSchema-instance"
           xmlns="http://symfony.com/schema/dic/services"
           xsi:schemaLocation="http://symfony.com/schema/dic/services http://symfony.com/schema/dic/services/services-1.0.xsd">

    <services>
        <service id="features.definitions.api_authentication" class="Features\Definitions\ApiAuthenticationDefinition">
            <argument type="service" id="features.services.shared_storage"/>
            <argument type="service" id="__symfony__.App\Manager\UserManager"/>
            <tag name="fob.context_service"/>
        </service>

        <service id="features.definitions.user" class="Features\Definitions\UserDefinition">
            <argument type="service" id="__symfony__.App\Manager\UserManager"/>
            <tag name="fob.context_service"/>
        </service>
    </services>
</container>
