<?xml version="1.0" ?>

<container xmlns:xsi="http://www.w3.org/2001/XMLSchema-instance"
           xmlns="http://symfony.com/schema/dic/services"
           xsi:schemaLocation="http://symfony.com/schema/dic/services http://symfony.com/schema/dic/services/services-1.0.xsd">

    <imports>
        <import resource="actions.xml"/>
        <import resource="assertions.xml"/>
        <import resource="definitions.xml"/>
    </imports>

    <services>
        <service id="features.doctrine.orm_purger" class="Features\Doctrine\ORMPurger">
            <argument type="service" id="__symfony__.doctrine"/>
            <tag name="fob.context_service"/>
        </service>

        <service id="features.services.shared_storage" class="Features\Services\SharedStorage"/>
    </services>
</container>
